risk_decile,dossiers,frauds,observed_fraud_rate,mean_predicted_probability,lift_vs_portfolio
0,792,7,0.008838383838383838,0.0024402521950526207,0.1694231042822592
1,92,1,0.010869565217391304,0.0034897255139784856,0.20835884874464175
2,344,4,0.011627906976744186,0.007441448107712164,0.222895512610547
3,424,24,0.05660377358490566,0.014241915484461633,1.0850385330853043
4,402,23,0.05721393034825871,0.032005280139161166,1.096734636675776
5,397,21,0.05289672544080604,0.05237600904118155,1.013978074999113
6,424,26,0.06132075471698113,0.07072699657486844,1.1754584108424129
7,391,31,0.0792838874680307,0.09065495907683421,1.5197939555491518
8,409,37,0.09046454767726161,0.12290004482093612,1.7341161885739866
9,408,39,0.09558823529411764,0.208696769975931,1.8323322286661141
