,dtype,missing,missing_percent,unique,unique_pct
Month,str,0,0.0,12,0.078
WeekOfMonth,int64,0,0.0,5,0.032
DayOfWeek,str,0,0.0,7,0.045
Make,str,0,0.0,19,0.123
AccidentArea,str,0,0.0,2,0.013
DayOfWeekClaimed,str,0,0.0,8,0.052
MonthClaimed,str,0,0.0,13,0.084
WeekOfMonthClaimed,int64,0,0.0,5,0.032
Sex,str,0,0.0,2,0.013
MaritalStatus,str,0,0.0,4,0.026
Age,int64,0,0.0,66,0.428
Fault,str,0,0.0,2,0.013
PolicyType,str,0,0.0,9,0.058
VehicleCategory,str,0,0.0,3,0.019
VehiclePrice,str,0,0.0,6,0.039
FraudFound_P,int64,0,0.0,2,0.013
PolicyNumber,int64,0,0.0,15420,100.0
RepNumber,int64,0,0.0,16,0.104
Deductible,int64,0,0.0,4,0.026
DriverRating,int64,0,0.0,4,0.026
Days_Policy_Accident,str,0,0.0,5,0.032
Days_Policy_Claim,str,0,0.0,4,0.026
PastNumberOfClaims,str,0,0.0,4,0.026
AgeOfVehicle,str,0,0.0,8,0.052
AgeOfPolicyHolder,str,0,0.0,9,0.058
PoliceReportFiled,str,0,0.0,2,0.013
WitnessPresent,str,0,0.0,2,0.013
AgentType,str,0,0.0,2,0.013
NumberOfSuppliments,str,0,0.0,4,0.026
AddressChange_Claim,str,0,0.0,5,0.032
NumberOfCars,str,0,0.0,5,0.032
Year,int64,0,0.0,3,0.019
BasePolicy,str,0,0.0,3,0.019
