poisson_deviance_mean,poisson_deviance_std,count_mae_mean,observed_frequency_mean,predicted_frequency_mean,alpha
0.32064069278385143,0.0005966894403366636,0.09882544757624168,0.10092290997013376,0.10087581614220538,0.001
0.32064777416931195,0.0005749175815570225,0.09883417719653471,0.10092290997013376,0.10092656783821519,0.0001
0.32079058988047976,0.00065080201584772,0.09899367348386594,0.10092290997013376,0.10098314719157277,0.01
0.3232999420840166,0.0008972908469782487,0.09946172603334698,0.10092290997013376,0.1009091770800925,0.1
0.3277306815002245,0.0011252854961703229,0.09980432625804557,0.10092290997013376,0.10092812759609122,0.5
0.3290989790068986,0.001171066793756945,0.09987059789354956,0.10092290997013376,0.10092640349748944,1.0
0.3299497217329079,0.0011965187870689954,0.09990753267134382,0.10092290997013376,0.10092650184906014,2.0
0.3305265789493255,0.0012115253868589374,0.09993145301749695,0.10092290997013376,0.100927982411119,5.0
0.3307324768676913,0.0012169583916257641,0.09989446941634805,0.10092290997013376,0.10083085922812134,10.0
