poisson_deviance_mean,poisson_deviance_std,count_mae_mean,observed_frequency_mean,predicted_frequency_mean,subsample,reg_lambda,reg_alpha,n_estimators,min_child_weight,max_depth,learning_rate,colsample_bytree,elapsed_seconds
0.3028578547775393,0.001447858816514848,0.09605792484108787,0.10092290997013376,0.10095271249770155,0.7,10.0,0.01,500,10,6,0.08,0.9,59.90402699998231
0.30297262301229483,0.001439258673442798,0.09630638169323895,0.10092290997013376,0.10079133400976793,0.9,5.0,0.5,500,5,7,0.02,0.9,60.28461689999676
0.3031143029461583,0.0014271490540823603,0.09635763378102787,0.10092290997013376,0.1008634273929609,0.9,10.0,0.0,200,10,7,0.05,0.9,27.832591300015338
0.3031414368734336,0.0013692087697153017,0.09634993854912344,0.10092290997013376,0.10086256648844157,1.0,5.0,1.0,200,5,7,0.05,0.9,25.90086229998269
0.30323467541811494,0.0016734721552529462,0.09587064710097493,0.10092290997013376,0.10097806064282323,1.0,2.0,0.1,500,10,7,0.1,0.9,46.42409200000111
0.3033593252612111,0.0014678700830544629,0.09641972054623653,0.10092290997013376,0.10091265432577101,0.7,2.0,0.0,700,10,6,0.02,1.0,79.92028809999465
0.3035734324070647,0.0014738366740134387,0.09643418008964529,0.10092290997013376,0.10089940021954391,0.7,10.0,0.0,700,3,5,0.03,1.0,78.11710059997858
0.3037056724887327,0.0014146839052353337,0.09660292381906722,0.10092290997013376,0.10055069023609702,0.9,2.0,0.0,200,3,7,0.03,0.8,29.00888959999429
0.3042070174260007,0.00150193861239741,0.09670364983790365,0.10092290997013376,0.10089600656494453,0.8,2.0,0.01,150,1,5,0.08,0.8,19.480266399972606
0.30449312378810695,0.0014791992373108138,0.09680619729036731,0.10092290997013376,0.10085872479244574,1.0,2.0,0.5,200,3,5,0.05,0.8,20.099079700012226
0.3051766444090933,0.0013012374394253006,0.09676464756883531,0.10092290997013376,0.10095620746061686,1.0,2.0,0.0,700,3,3,0.1,0.9,40.94914829998743
0.3052669128336021,0.0014158238903833249,0.09697181184397922,0.10092290997013376,0.10091214706017602,0.9,2.0,0.1,700,1,4,0.02,1.0,69.70516750001116
0.3055796127300128,0.0014900237743129814,0.09707937823945594,0.10092290997013376,0.1009194009057371,1.0,1.0,1.0,150,10,4,0.08,1.0,14.945257000013953
0.3064933497667801,0.0013594399802335359,0.09731237262243758,0.10092290997013376,0.1001814771395927,1.0,10.0,0.01,200,3,6,0.02,0.7,26.864658100006636
0.3068110118872402,0.0014111445405582718,0.09734265265630494,0.10092290997013376,0.10095351462462104,0.8,10.0,0.1,200,5,3,0.08,0.8,21.751050499995472
0.307010248806261,0.0013932884287977977,0.09743005983362878,0.10092290997013376,0.10094367118366182,0.8,1.0,0.5,700,3,3,0.02,0.7,57.973836699995445
0.30726094480209876,0.0013954606710860449,0.0974792131148151,0.10092290997013376,0.10093407589295261,0.7,2.0,0.01,150,5,3,0.08,0.8,18.297568699985277
0.30767151053532443,0.0013635037904745143,0.09758417779776768,0.10092290997013376,0.100943567672354,0.8,5.0,0.5,200,10,3,0.05,1.0,21.44746809999924
0.30776356030558355,0.001384979421096919,0.09760711887731975,0.10092290997013376,0.10089685299708544,0.9,1.0,0.5,500,5,3,0.02,0.8,44.36051240001689
0.30844991530509497,0.001393060166899832,0.09778632598853383,0.10092290997013376,0.10086868654240151,1.0,2.0,0.01,150,1,3,0.05,0.7,14.281222600024194
