original_feature,mean_abs_shap_sum
BasePolicy,0.022134411309940732
VehicleCategory,0.01414756560555346
MonthClaimed,0.012642096669048402
Month,0.012056470569207403
VehiclePrice,0.00708799849872467
AccidentArea,0.004485538012345678
PastNumberOfClaims,0.0038852188943767864
AgeOfVehicle,0.003864905071485614
AgeOfPolicyHolder,0.0032185338100455476
Age,0.0031780132469985713
Make,0.002868204318903593
DayOfWeek,0.002547676370424558
DayOfWeekClaimed,0.0025011661479009298
Sex,0.0018190497136700385
WeekOfMonthClaimed,0.001346165122008293
Deductible,0.001201934939422669
WeekOfMonth,0.00113965099409096
NumberOfCars,0.0008707787498271909
MaritalStatus,0.0008323394379414324
DriverRating,0.0007864227482415507
AgentType,0.0001720473864653791
