risk_decile,n,mean_probability,observed_claim_rate,claims
0,13627,0.008852401869330983,0.009172965436266237,125
1,13464,0.018292936997594295,0.016859774212715388,227
2,13526,0.02524405772871162,0.025506432056779535,345
3,13540,0.03201492062970677,0.030354505169867062,411
4,13522,0.038513193900239565,0.03608933589705665,488
5,13537,0.04459741110190959,0.04469232473960257,605
6,13549,0.05138202036802684,0.05232858513543435,709
7,13523,0.05991646060019224,0.057309768542483173,775
8,13534,0.07305457934781796,0.0758090734446579,1026
9,13536,0.15184971530581592,0.15447695035460993,2091
