risk_decile,policies,exposure,observed_claims,predicted_claims,observed_frequency,predicted_frequency,prediction_ratio
0,13536,8298.277421211034,283,319.59190826538793,0.034103463361761115,0.03851304217047341,1.1293000292063176
1,13536,7704.438143571132,354,408.54923727135065,0.04594754262455734,0.053027778230948515,1.1540938905970357
2,13536,7496.393134961914,478,464.70178543307856,0.06376399841821109,0.06199005002362906,0.9721794674332187
3,13535,7653.2380687138975,543,533.6721471994099,0.0709503605042368,0.06973154923548482,0.9828216338847328
4,13536,7745.203421661498,630,596.7706973044064,0.08134066540305956,0.07705035811394963,0.9472550750863594
5,13536,7725.316880752064,658,656.4981562441961,0.08517449965572717,0.0849800941990985,0.9977175626811492
6,13535,7394.364105841276,698,702.3138827808833,0.09439621717418617,0.09497961862955615,1.006180347823615
7,13536,6544.760850356831,793,734.963004939882,0.12116561905493681,0.1122979161109929,0.9268133731902672
8,13536,6079.662854999147,958,930.4137315899881,0.1575745272144921,0.1530370604062252,0.9712043127244134
9,13536,4960.0289669836875,1836,1861.734217528295,0.37015912854971,0.37534744855743457,1.0140164583487445
