mean_fit_time,std_fit_time,mean_score_time,std_score_time,param_model__C,params,split0_test_score,split1_test_score,split2_test_score,mean_test_score,std_test_score,rank_test_score,split0_train_score,split1_train_score,split2_train_score,mean_train_score,std_train_score
2.9228556156158447,1.6120460140399862,0.3009822368621826,0.011085374578669921,0.001,{'model__C': 0.001},0.0906001869293846,0.0940438732136859,0.0950943335949786,0.09324613124601637,0.0019194847829914095,1,0.09484802822981944,0.09305374585982817,0.09233275636900477,0.09341151015288413,0.0010575583830978767
1.880110502243042,0.0940046122457698,0.3214120864868164,0.01964253174606196,0.01,{'model__C': 0.01},0.09068275664831177,0.09386573508226212,0.09464154618181173,0.0930633459707952,0.0017128679375611926,3,0.09491139402875041,0.0931625905392959,0.09238999961652945,0.09348799472819191,0.0010547585379627827
1.4670032660166423,0.0502911610589495,0.34422969818115234,0.018842253464137815,0.1,{'model__C': 0.1},0.09082745455025541,0.09373564691655663,0.0946398178736012,0.09306763978013775,0.0016264898151188362,2,0.09490922319200043,0.0931426004872481,0.09239491928085668,0.09348224765336839,0.0010541825229337214
1.7239243189493816,0.15720228325814792,0.3326675097147624,0.016356958589129125,0.5,{'model__C': 0.5},0.09082216010937914,0.09372210832652739,0.0946193109660059,0.09305452646730415,0.0016204603895330274,4,0.09489129504497074,0.09314077459792518,0.09238291308980155,0.09347166091089916,0.0010504314422622512
1.6707982222239177,0.23206670127653836,0.3597157796223958,0.022488280760483474,1.0,{'model__C': 1.0},0.09082029169617234,0.09371943688514536,0.09461619973584184,0.09305197610571984,0.0016199500775148147,5,0.0948898131318034,0.09313985854861097,0.09238082653597257,0.09347016607212899,0.0010505810232387764
2.3833115895589194,0.7670353687940644,0.6809891859690348,0.2629051420357358,2.0,{'model__C': 2.0},0.09081920899104652,0.09371744583072873,0.09461599282788938,0.0930508825498882,0.0016201073691685687,6,0.0948892265855768,0.09314026360944151,0.09237981985827376,0.09346977001776402,0.0010506224775825817
2.764381726582845,0.19131827368572146,0.5979031721750895,0.05776230007110455,5.0,{'model__C': 5.0},0.09081947775719383,0.0937165357812974,0.09461547691778743,0.09305049681875956,0.0016196930432483606,7,0.09488908671763538,0.09314023616287323,0.09237902903453152,0.0934694506383467,0.0010508358645298004
2.807058811187744,0.2160754147436692,0.7074060440063477,0.20007470341080502,10.0,{'model__C': 10.0},0.09081979233919023,0.09371599191777719,0.09461521052332264,0.09305033159343001,0.0016193882690012356,9,0.09488881753935974,0.09314022971470215,0.09237901867009948,0.09346935530805378,0.001050718907283426
2.4694953759511313,0.13920044790620323,0.5531200567881266,0.03743987520181113,100.0,{'model__C': 100.0},0.09081998343442713,0.09371580815146627,0.09461539461064974,0.0930503953988477,0.0016193346571271056,8,0.09488861975343234,0.09313985876051858,0.09237926106030303,0.09346924652475132,0.00105058475371753
