mean_fit_time,std_fit_time,mean_score_time,std_score_time,param_model__subsample,param_model__scale_pos_weight,param_model__reg_lambda,param_model__reg_alpha,param_model__n_estimators,param_model__min_child_weight,param_model__max_depth,param_model__learning_rate,param_model__colsample_bytree,params,split0_test_score,split1_test_score,split2_test_score,mean_test_score,std_test_score,rank_test_score,split0_train_score,split1_train_score,split2_train_score,mean_train_score,std_train_score
18.651201009750366,5.010377108011004,1.8942149480183919,0.020545322970120718,0.9,18.90002756592851,2.0,0.0,300,10,6,0.02,0.8,"{'model__subsample': 0.9, 'model__scale_pos_weight': 18.90002756592851, 'model__reg_lambda': 2.0, 'model__reg_alpha': 0.0, 'model__n_estimators': 300, 'model__min_child_weight': 10, 'model__max_depth': 6, 'model__learning_rate': 0.02, 'model__colsample_bytree': 0.8}",0.13388725434075113,0.1441505038800556,0.14409828551354276,0.1407120145781165,0.0048258813297049905,6,0.16596271906864077,0.16333861023044377,0.16416564122576174,0.16448899017494875,0.001095415508952702
16.93247373898824,1.1521281936461945,3.048359235127767,1.131343141813673,1.0,3.0,10.0,1.0,500,5,6,0.05,0.8,"{'model__subsample': 1.0, 'model__scale_pos_weight': 3.0, 'model__reg_lambda': 10.0, 'model__reg_alpha': 1.0, 'model__n_estimators': 500, 'model__min_child_weight': 5, 'model__max_depth': 6, 'model__learning_rate': 0.05, 'model__colsample_bytree': 0.8}",0.13880289723563738,0.14412490068721476,0.14701178352222893,0.14331319381502702,0.0034000592692202017,2,0.19670697431449563,0.20662395164494252,0.2059401686725033,0.20309036487731383,0.004522362663951715
7.130362192789714,0.47982746902212575,1.0358041922251384,0.5857263851861956,0.7,10.0,1.0,0.01,200,10,3,0.05,0.8,"{'model__subsample': 0.7, 'model__scale_pos_weight': 10.0, 'model__reg_lambda': 1.0, 'model__reg_alpha': 0.01, 'model__n_estimators': 200, 'model__min_child_weight': 10, 'model__max_depth': 3, 'model__learning_rate': 0.05, 'model__colsample_bytree': 0.8}",0.12205273789667395,0.13261538839852957,0.1312533917560425,0.12864050601708202,0.004691323574410889,19,0.1360087639207499,0.13251502252395223,0.13386832384697972,0.1341307034305606,0.0014383299392778418
19.894595702489216,2.4740424968197083,1.8583860397338867,0.21494451792341077,0.9,18.90002756592851,10.0,0.0,700,3,4,0.08,1.0,"{'model__subsample': 0.9, 'model__scale_pos_weight': 18.90002756592851, 'model__reg_lambda': 10.0, 'model__reg_alpha': 0.0, 'model__n_estimators': 700, 'model__min_child_weight': 3, 'model__max_depth': 4, 'model__learning_rate': 0.08, 'model__colsample_bytree': 1.0}",0.1341169358601798,0.1411024955630529,0.14179347437765819,0.1390043019336303,0.003467383574829344,10,0.1782263923675719,0.1786343121653184,0.1766360682631655,0.17783225759868526,0.0008620716656816866
9.506047487258911,2.0807121335057417,0.824484666188558,0.07028799230595519,0.9,18.90002756592851,5.0,1.0,300,5,3,0.08,0.9,"{'model__subsample': 0.9, 'model__scale_pos_weight': 18.90002756592851, 'model__reg_lambda': 5.0, 'model__reg_alpha': 1.0, 'model__n_estimators': 300, 'model__min_child_weight': 5, 'model__max_depth': 3, 'model__learning_rate': 0.08, 'model__colsample_bytree': 0.9}",0.12656284280811625,0.13591508593511878,0.1346896159517949,0.13238918156500998,0.004150109368243077,17,0.1439752094094434,0.14080032844415635,0.14147377456151283,0.14208310413837086,0.0013658768089548363
13.551047245661417,1.0456575594556536,1.6480273405710857,0.12122670422930391,1.0,18.90002756592851,2.0,0.1,500,3,6,0.02,0.8,"{'model__subsample': 1.0, 'model__scale_pos_weight': 18.90002756592851, 'model__reg_lambda': 2.0, 'model__reg_alpha': 0.1, 'model__n_estimators': 500, 'model__min_child_weight': 3, 'model__max_depth': 6, 'model__learning_rate': 0.02, 'model__colsample_bytree': 0.8}",0.13326037237361368,0.143475632669328,0.144715470505671,0.14048382518287092,0.005132770683284763,7,0.17491198256685453,0.1723005648351993,0.1754604090311897,0.17422431881108116,0.0013786019286428828
6.488491137822469,0.07732277565165445,0.6543265183766683,0.00977976235685959,0.7,5.0,2.0,0.1,200,5,4,0.02,0.8,"{'model__subsample': 0.7, 'model__scale_pos_weight': 5.0, 'model__reg_lambda': 2.0, 'model__reg_alpha': 0.1, 'model__n_estimators': 200, 'model__min_child_weight': 5, 'model__max_depth': 4, 'model__learning_rate': 0.02, 'model__colsample_bytree': 0.8}",0.1249193766613654,0.1362250509948144,0.13438297067095972,0.1318424661090465,0.00495278982697821,18,0.13929667425616676,0.13728526559310433,0.13648604654234647,0.13768932879720586,0.0011824712374529484
8.169044733047485,0.35338318130940993,0.7560566266377767,0.07457580031551411,0.7,10.0,5.0,0.1,300,5,3,0.02,0.9,"{'model__subsample': 0.7, 'model__scale_pos_weight': 10.0, 'model__reg_lambda': 5.0, 'model__reg_alpha': 0.1, 'model__n_estimators': 300, 'model__min_child_weight': 5, 'model__max_depth': 3, 'model__learning_rate': 0.02, 'model__colsample_bytree': 0.9}",0.11970697735517608,0.1288828967818282,0.1274791114765896,0.12535632853786463,0.004035594122704396,20,0.1312161782122431,0.12785244167362664,0.12792203393931076,0.1289968846083935,0.0015695347178758799
18.561326265335083,2.8315772429937347,1.9828519026438396,0.8592728041900339,0.9,3.0,1.0,0.1,700,5,3,0.08,0.7,"{'model__subsample': 0.9, 'model__scale_pos_weight': 3.0, 'model__reg_lambda': 1.0, 'model__reg_alpha': 0.1, 'model__n_estimators': 700, 'model__min_child_weight': 5, 'model__max_depth': 3, 'model__learning_rate': 0.08, 'model__colsample_bytree': 0.7}",0.1352024874606091,0.1410274608770986,0.1399798253607883,0.138736591232832,0.002535324061915141,12,0.1613605863877821,0.15992441291477155,0.15928390915139173,0.16018963615131512,0.0008682951149378817
12.063358624776205,1.5779698545769165,1.1072864532470703,0.09187810520553918,0.8,18.90002756592851,5.0,0.0,300,10,4,0.05,0.8,"{'model__subsample': 0.8, 'model__scale_pos_weight': 18.90002756592851, 'model__reg_lambda': 5.0, 'model__reg_alpha': 0.0, 'model__n_estimators': 300, 'model__min_child_weight': 10, 'model__max_depth': 4, 'model__learning_rate': 0.05, 'model__colsample_bytree': 0.8}",0.12928984408583105,0.13928652748863501,0.13877739483969825,0.13578458880472144,0.0045971792609685695,14,0.15109928163302216,0.14763070328687788,0.14846194881698954,0.14906397791229653,0.0014786453732008363
10.296552340189615,1.2190259578383567,1.0276893774668376,0.08630152270355428,0.9,18.90002756592851,5.0,0.01,300,1,5,0.1,0.7,"{'model__subsample': 0.9, 'model__scale_pos_weight': 18.90002756592851, 'model__reg_lambda': 5.0, 'model__reg_alpha': 0.01, 'model__n_estimators': 300, 'model__min_child_weight': 1, 'model__max_depth': 5, 'model__learning_rate': 0.1, 'model__colsample_bytree': 0.7}",0.13454197458175918,0.14298852639937326,0.14202885144350297,0.13985311747487847,0.0037759257698017873,9,0.18390503105607173,0.18580440559558714,0.1844384351694522,0.18471595727370368,0.0007998624044592429
16.600011189778645,0.5074068417273473,2.0440456867218018,0.11337678262177933,1.0,5.0,10.0,0.01,700,1,6,0.08,1.0,"{'model__subsample': 1.0, 'model__scale_pos_weight': 5.0, 'model__reg_lambda': 10.0, 'model__reg_alpha': 0.01, 'model__n_estimators': 700, 'model__min_child_weight': 1, 'model__max_depth': 6, 'model__learning_rate': 0.08, 'model__colsample_bytree': 1.0}",0.13707417412073625,0.1389084558866379,0.1410289910638605,0.13900387369041153,0.0016159564105844338,11,0.27219338231660345,0.27997962958873507,0.28200798824818996,0.2780603333845095,0.004230397604461413
8.710477431615194,0.4918157007226948,0.8171436786651611,0.09552913449668808,0.7,5.0,10.0,1.0,300,10,3,0.1,1.0,"{'model__subsample': 0.7, 'model__scale_pos_weight': 5.0, 'model__reg_lambda': 10.0, 'model__reg_alpha': 1.0, 'model__n_estimators': 300, 'model__min_child_weight': 10, 'model__max_depth': 3, 'model__learning_rate': 0.1, 'model__colsample_bytree': 1.0}",0.12994946070219676,0.13745692583664232,0.13795668212726936,0.1351210228887028,0.003662533792715981,15,0.14954207357401392,0.14585366830936208,0.14696841610627445,0.1474547193298835,0.0015445498735979668
21.350931247075398,3.592984318914024,3.5339694023132324,1.2698369505860156,1.0,1.0,1.0,0.1,700,1,8,0.08,0.8,"{'model__subsample': 1.0, 'model__scale_pos_weight': 1.0, 'model__reg_lambda': 1.0, 'model__reg_alpha': 0.1, 'model__n_estimators': 700, 'model__min_child_weight': 1, 'model__max_depth': 8, 'model__learning_rate': 0.08, 'model__colsample_bytree': 0.8}",0.13388594868190723,0.1325305191729796,0.13666639891317822,0.134360955589355,0.001721549491579937,16,0.548065514094089,0.5649109412856231,0.5589864765277742,0.5573209773024955,0.0069772258129991585
6.987511157989502,0.30767831977815907,0.9554415543874105,0.059073941247590835,1.0,10.0,5.0,1.0,300,3,5,0.1,0.8,"{'model__subsample': 1.0, 'model__scale_pos_weight': 10.0, 'model__reg_lambda': 5.0, 'model__reg_alpha': 1.0, 'model__n_estimators': 300, 'model__min_child_weight': 3, 'model__max_depth': 5, 'model__learning_rate': 0.1, 'model__colsample_bytree': 0.8}",0.13558720180188083,0.14267207485240108,0.14305882950452936,0.14043936871960375,0.0034346312405962223,8,0.1850647474666749,0.1866192962508989,0.1859205480023407,0.1858681972399715,0.0006357205530595776
9.656280994415283,0.4145065361936222,1.3803667227427165,0.07117558940561328,1.0,3.0,1.0,0.01,300,3,8,0.08,0.9,"{'model__subsample': 1.0, 'model__scale_pos_weight': 3.0, 'model__reg_lambda': 1.0, 'model__reg_alpha': 0.01, 'model__n_estimators': 300, 'model__min_child_weight': 3, 'model__max_depth': 8, 'model__learning_rate': 0.08, 'model__colsample_bytree': 0.9}",0.13761984349561673,0.14228851398066475,0.14300353012026615,0.1409706291988492,0.002387276780729177,5,0.3523479245271597,0.36144738622805506,0.3517911376140884,0.3551954827897677,0.004426603315402124
7.342942317326863,0.3913371087679656,0.82851243019104,0.029132150571360187,0.9,5.0,5.0,0.01,200,1,6,0.05,0.7,"{'model__subsample': 0.9, 'model__scale_pos_weight': 5.0, 'model__reg_lambda': 5.0, 'model__reg_alpha': 0.01, 'model__n_estimators': 200, 'model__min_child_weight': 1, 'model__max_depth': 6, 'model__learning_rate': 0.05, 'model__colsample_bytree': 0.7}",0.13778578070782205,0.14688328797623584,0.14611739375200758,0.14359548747868847,0.004119965053514013,1,0.18052912018395476,0.18033043142353708,0.18069571719447614,0.18051842293398934,0.0001493190029885731
13.909165620803833,0.9415929998022733,1.4008564949035645,0.09923729490429246,0.8,3.0,1.0,0.01,300,3,8,0.02,1.0,"{'model__subsample': 0.8, 'model__scale_pos_weight': 3.0, 'model__reg_lambda': 1.0, 'model__reg_alpha': 0.01, 'model__n_estimators': 300, 'model__min_child_weight': 3, 'model__max_depth': 8, 'model__learning_rate': 0.02, 'model__colsample_bytree': 1.0}",0.1384957694306136,0.1456417104671488,0.14482606490178335,0.14298784826651526,0.0031937854888352325,3,0.2251004368471228,0.2280045977663904,0.22774831581518415,0.22695111680956578,0.0013128042129146001
20.815912167231243,4.033385941353216,1.9970617294311523,0.6864996704850262,0.7,1.0,2.0,0.1,500,5,5,0.08,0.7,"{'model__subsample': 0.7, 'model__scale_pos_weight': 1.0, 'model__reg_lambda': 2.0, 'model__reg_alpha': 0.1, 'model__n_estimators': 500, 'model__min_child_weight': 5, 'model__max_depth': 5, 'model__learning_rate': 0.08, 'model__colsample_bytree': 0.7}",0.1387801567629227,0.144053720803678,0.1454550045481608,0.1427629607049205,0.0028737831585365875,4,0.20528680090979687,0.20639425282212984,0.20468790521940805,0.20545631965044495,0.0007068512280538116
9.090038696924845,0.27451637204130946,0.8617094357808431,0.05379555092843581,0.8,10.0,2.0,0.1,300,3,4,0.08,0.9,"{'model__subsample': 0.8, 'model__scale_pos_weight': 10.0, 'model__reg_lambda': 2.0, 'model__reg_alpha': 0.1, 'model__n_estimators': 300, 'model__min_child_weight': 3, 'model__max_depth': 4, 'model__learning_rate': 0.08, 'model__colsample_bytree': 0.9}",0.13138397425894938,0.14175121649785563,0.1417806971928476,0.13830529598321753,0.004894128324565,13,0.16043244541106996,0.16022767264394186,0.15912851172548734,0.1599295432601664,0.000572550790295516
