feature,mean_abs_shap
numeric__Exposure,0.33148435
numeric__BonusMalus,0.23834328
numeric__VehAge,0.13311368
categorical__VehBrand_B12,0.100790024
numeric__DrivAge,0.08797885
categorical__Region_R31,0.08566944
categorical__Region_R73,0.07585912
categorical__Region_R83,0.07287262
categorical__Region_R22,0.07214343
numeric__log_density,0.07150572
categorical__Region_R41,0.06989372
categorical__Region_R82,0.06824389
numeric__VehPower,0.06591698
categorical__Region_R91,0.065506
categorical__Region_R53,0.062067714
categorical__Region_R21,0.059103724
categorical__VehBrand_B3,0.052931793
categorical__Region_R24,0.046862822
categorical__Region_R74,0.044271722
categorical__Region_R25,0.043395214
categorical__Region_R72,0.043007277
categorical__Area_B,0.039802715
categorical__VehBrand_B5,0.030510904
categorical__VehBrand_B1,0.02643443
categorical__VehBrand_B6,0.025504986
categorical__VehBrand_B4,0.023629678
categorical__VehBrand_B14,0.022840654
categorical__Region_R23,0.022092214
categorical__Area_D,0.021464972
categorical__VehBrand_B11,0.021394577
categorical__VehBrand_B10,0.021166699
categorical__VehGas_Diesel,0.01987689
categorical__Area_F,0.017159665
categorical__Region_R93,0.016672822
categorical__VehBrand_B13,0.016273156
categorical__VehGas_Regular,0.014181001
categorical__Region_R52,0.012396298
categorical__Region_R94,0.011481827
categorical__VehBrand_B2,0.011452709
categorical__Area_A,0.011052261
categorical__Region_R26,0.010529737
categorical__Area_C,0.010484327
categorical__Area_E,0.009620815
categorical__Region_R42,0.00890747
categorical__Region_R11,0.007224086
categorical__Region_R54,0.0061837127
categorical__Region_R43,0.0008011488
