mean_fit_time,std_fit_time,mean_score_time,std_score_time,param_model__n_estimators,param_model__min_samples_split,param_model__min_samples_leaf,param_model__max_features,param_model__max_depth,param_model__class_weight,params,split0_test_score,split1_test_score,split2_test_score,split3_test_score,split4_test_score,mean_test_score,std_test_score,rank_test_score,split0_train_score,split1_train_score,split2_train_score,split3_train_score,split4_train_score,mean_train_score,std_train_score
3.6021715641021728,0.2696919670722532,0.31540822982788086,0.03867256821222139,600,5,10,sqrt,12,balanced_subsample,"{'model__n_estimators': 600, 'model__min_samples_split': 5, 'model__min_samples_leaf': 10, 'model__max_features': 'sqrt', 'model__max_depth': 12, 'model__class_weight': 'balanced_subsample'}",0.20411278891349802,0.17865302759053694,0.19985965417437948,0.2314338199626427,0.22645260663828662,0.20810237945586874,0.01914267813978743,6,0.5387058593650618,0.5111006827970531,0.48829602942198924,0.5366232724779961,0.5011754934086067,0.5151802674941415,0.019742314458150393
4.146741008758545,0.12574106448777472,0.34680566787719724,0.012099166406888802,800,2,20,log2,16,balanced_subsample,"{'model__n_estimators': 800, 'model__min_samples_split': 2, 'model__min_samples_leaf': 20, 'model__max_features': 'log2', 'model__max_depth': 16, 'model__class_weight': 'balanced_subsample'}",0.20028283308512287,0.17382539299700345,0.1873539865569184,0.23570508654619646,0.22408137309041934,0.20424973445513211,0.02284546441993957,13,0.4182892623695796,0.41320548826683995,0.4073063241139225,0.4175367322887043,0.4058102727093385,0.412429615949677,0.005120232328457382
0.7808355331420899,0.04133098703983597,0.14008092880249023,0.005310223764986454,200,20,10,log2,12,,"{'model__n_estimators': 200, 'model__min_samples_split': 20, 'model__min_samples_leaf': 10, 'model__max_features': 'log2', 'model__max_depth': 12, 'model__class_weight': None}",0.2045350611562037,0.18001446593606543,0.19551323626400663,0.2283968349586037,0.2309189486842871,0.2078757093998333,0.019454290174603976,7,0.4498416684839775,0.44110598292262215,0.42354700494590897,0.44868058094902946,0.45682082172042415,0.4439992118043925,0.011376350352416001
2.6140936374664308,0.03416463584563446,0.3005561828613281,0.015090877917449041,600,20,1,log2,,balanced,"{'model__n_estimators': 600, 'model__min_samples_split': 20, 'model__min_samples_leaf': 1, 'model__max_features': 'log2', 'model__max_depth': None, 'model__class_weight': 'balanced'}",0.18552878160456088,0.19264160292849541,0.1901545527833781,0.21368670120929434,0.21554854148212688,0.19951203600157114,0.012556969284829973,18,0.8919922579129377,0.9090205385746911,0.8900897717788504,0.9187114043642873,0.9415733024343105,0.9102774550130153,0.018942187802687464
7.490395259857178,0.14717151050317037,0.30020599365234374,0.010875377184174096,600,10,1,0.5,16,,"{'model__n_estimators': 600, 'model__min_samples_split': 10, 'model__min_samples_leaf': 1, 'model__max_features': 0.5, 'model__max_depth': 16, 'model__class_weight': None}",0.18014262786112284,0.17022288297706767,0.18493261307092285,0.1633291795005419,0.22062010559330925,0.1838494818005929,0.01986836538603811,24,0.9540704452234394,0.9654387871245556,0.9641530271365283,0.9630382809495962,0.973885344604835,0.9641171770077909,0.006312937081699671
3.0738892555236816,0.16548494322801913,0.37787904739379885,0.033165683293346744,800,5,10,log2,16,,"{'model__n_estimators': 800, 'model__min_samples_split': 5, 'model__min_samples_leaf': 10, 'model__max_features': 'log2', 'model__max_depth': 16, 'model__class_weight': None}",0.2054239980761369,0.19618421469177474,0.1927948689349276,0.2271383730253181,0.2391401766051429,0.21213632626666007,0.018043760834162325,1,0.5018703622966065,0.5060029023778285,0.48166659166694425,0.49836319104668225,0.5220552063311564,0.5019916507438437,0.012999421984204871
1.6706335544586182,0.12039484353570766,0.15805859565734864,0.012117092089827463,200,5,10,0.5,8,balanced_subsample,"{'model__n_estimators': 200, 'model__min_samples_split': 5, 'model__min_samples_leaf': 10, 'model__max_features': 0.5, 'model__max_depth': 8, 'model__class_weight': 'balanced_subsample'}",0.20794721708934474,0.1744912102130372,0.19650294544566088,0.2380908639812334,0.21484688095318713,0.20637582353649267,0.020948384999560803,10,0.34642316791944494,0.33813247593669615,0.33922849555695683,0.346322266122239,0.3343794392950579,0.34089716896607897,0.004751360692347291
2.828593873977661,0.20645326816970289,0.31168437004089355,0.014317186955106132,600,5,5,0.5,5,balanced,"{'model__n_estimators': 600, 'model__min_samples_split': 5, 'model__min_samples_leaf': 5, 'model__max_features': 0.5, 'model__max_depth': 5, 'model__class_weight': 'balanced'}",0.19991833156720779,0.16381766345585735,0.20391312127963543,0.23848336692021677,0.2197267521494134,0.20517184707446612,0.024742089381245676,12,0.27400282864164693,0.2705869649414523,0.2715879838478607,0.27005863087453813,0.2586421906115822,0.26897571978341606,0.005341280362433776
2.058630275726318,0.030992489934101756,0.25405306816101075,0.030446491370253768,400,10,1,sqrt,16,balanced,"{'model__n_estimators': 400, 'model__min_samples_split': 10, 'model__min_samples_leaf': 1, 'model__max_features': 'sqrt', 'model__max_depth': 16, 'model__class_weight': 'balanced'}",0.17206425984037485,0.18727574535601904,0.19852169623906313,0.20587905223345204,0.18235871185632094,0.189219893105046,0.011909847989956543,22,0.9497800817602811,0.9611160437993096,0.9391719861413635,0.9632106836077619,0.9773653084253799,0.9581288207468193,0.012913979331206324
2.917048215866089,0.24386618066378124,0.30906238555908205,0.007603972129659733,600,2,20,0.5,5,,"{'model__n_estimators': 600, 'model__min_samples_split': 2, 'model__min_samples_leaf': 20, 'model__max_features': 0.5, 'model__max_depth': 5, 'model__class_weight': None}",0.20036283865295929,0.161764337061801,0.1655873432117459,0.23540803535495253,0.22637452566373145,0.19789941598903807,0.03024437410556439,19,0.28082741089506286,0.2815626492312353,0.27055262418780945,0.2800172716736698,0.26259600734243055,0.27511119266604156,0.007426660947404657
3.3967883586883545,0.10342560943088351,0.32263984680175783,0.007862039497445605,600,5,5,sqrt,,balanced,"{'model__n_estimators': 600, 'model__min_samples_split': 5, 'model__min_samples_leaf': 5, 'model__max_features': 'sqrt', 'model__max_depth': None, 'model__class_weight': 'balanced'}",0.19056957526985346,0.19716762821942535,0.1973844939348853,0.22291083803328327,0.22862767019309888,0.20733204113010925,0.015358723754759825,9,0.8424554753612225,0.85745040439076,0.8217493121328333,0.8808309351792116,0.8836815760513704,0.8572335406230795,0.023383345877693997
2.263912391662598,0.20288017153480994,0.29193592071533203,0.04028128811375883,600,10,1,log2,5,,"{'model__n_estimators': 600, 'model__min_samples_split': 10, 'model__min_samples_leaf': 1, 'model__max_features': 'log2', 'model__max_depth': 5, 'model__class_weight': None}",0.2120713148331085,0.17852481750620228,0.1890916621731987,0.23123249222885106,0.23894361559037652,0.20997278046634743,0.02332673982369599,4,0.34728417457328054,0.3588585434132979,0.35303049647860707,0.35015867090027575,0.37464334627736706,0.3567950463285657,0.00971071395134875
2.4510194778442385,0.2355226417943856,0.30350985527038576,0.019981209730216717,600,10,5,sqrt,5,balanced,"{'model__n_estimators': 600, 'model__min_samples_split': 10, 'model__min_samples_leaf': 5, 'model__max_features': 'sqrt', 'model__max_depth': 5, 'model__class_weight': 'balanced'}",0.2092860056838165,0.16415122766198728,0.18560635458771593,0.23177132575556364,0.21315522024080708,0.2007940267859781,0.023485595479455626,16,0.2938173698513879,0.3014505107149556,0.2935813938177747,0.3019038328105631,0.2935967749113968,0.2968699764212156,0.0039285629713265964
6.224388599395752,0.12926082057344834,0.3771754264831543,0.0149318288442705,800,5,10,0.5,12,balanced,"{'model__n_estimators': 800, 'model__min_samples_split': 5, 'model__min_samples_leaf': 10, 'model__max_features': 0.5, 'model__max_depth': 12, 'model__class_weight': 'balanced'}",0.18190255136673045,0.1876453257301794,0.19673053785053982,0.22766912232237885,0.22265587915418175,0.20332068328480207,0.01851798860051373,15,0.5180053811491258,0.5160190658735607,0.5128740768767575,0.5493679094470427,0.5179375829964848,0.5228408032685943,0.013393893939922654
1.3187244415283204,0.03195752107642176,0.15552992820739747,0.006713950686653506,200,5,1,log2,16,balanced_subsample,"{'model__n_estimators': 200, 'model__min_samples_split': 5, 'model__min_samples_leaf': 1, 'model__max_features': 'log2', 'model__max_depth': 16, 'model__class_weight': 'balanced_subsample'}",0.180310234172097,0.16939728068167084,0.17640348079873508,0.18525664620907928,0.17713692718288923,0.17770091380889427,0.005193252955570631,25,0.9777768500740992,0.975532946117555,0.982570540781079,0.9891131406581137,0.9956836944250356,0.9841354344111766,0.007416510776849626
4.427851867675781,0.14462822899312197,0.3698204517364502,0.00960905430211519,800,2,10,sqrt,12,balanced_subsample,"{'model__n_estimators': 800, 'model__min_samples_split': 2, 'model__min_samples_leaf': 10, 'model__max_features': 'sqrt', 'model__max_depth': 12, 'model__class_weight': 'balanced_subsample'}",0.20156121259291768,0.1785158526674142,0.1928519129678458,0.23785495325219763,0.2278273927524019,0.20772226484655545,0.022019516438416886,8,0.5390727058212659,0.5129146559919389,0.48820820145514765,0.5301920276135998,0.50167911373373,0.5144133409231365,0.018483328509908956
4.22815957069397,0.10815014175192715,0.36240568161010744,0.023416188783246084,800,5,5,sqrt,8,balanced_subsample,"{'model__n_estimators': 800, 'model__min_samples_split': 5, 'model__min_samples_leaf': 5, 'model__max_features': 'sqrt', 'model__max_depth': 8, 'model__class_weight': 'balanced_subsample'}",0.20620183779478712,0.17939542381399484,0.19816239354362325,0.23192220225343593,0.21307492884565035,0.2057513572502983,0.01726834305456985,11,0.4636161566195228,0.4420889218161971,0.4256350290262177,0.4689438438447934,0.4407364601444865,0.44820408229024344,0.015938585118136367
2.4263949394226074,0.06744530998422416,0.30226430892944334,0.009665626713565365,600,2,10,log2,,,"{'model__n_estimators': 600, 'model__min_samples_split': 2, 'model__min_samples_leaf': 10, 'model__max_features': 'log2', 'model__max_depth': None, 'model__class_weight': None}",0.20822362929481167,0.18773537983089536,0.1976955337949131,0.22598862008752618,0.23763466459398125,0.2114555655204255,0.018215301245670945,2,0.5258878975091664,0.5314148171694554,0.5015404306283007,0.5309371496571209,0.5509050349753051,0.5281370659878697,0.015807620342553036
1.496299648284912,0.022785038347537635,0.2206099033355713,0.011675825994755236,400,5,1,sqrt,8,balanced,"{'model__n_estimators': 400, 'model__min_samples_split': 5, 'model__min_samples_leaf': 1, 'model__max_features': 'sqrt', 'model__max_depth': 8, 'model__class_weight': 'balanced'}",0.1953213130737982,0.17874216695169215,0.1942038469454209,0.21723889497215998,0.19950780512265717,0.1970028054131457,0.012327910173231703,20,0.5604151780992701,0.5462533797112336,0.5304768956638044,0.5940569261013156,0.5601627334583852,0.5582730226068018,0.02100354291508643
1.3679714679718018,0.06274781561652654,0.15072994232177733,0.007955919835158929,200,5,2,sqrt,16,balanced_subsample,"{'model__n_estimators': 200, 'model__min_samples_split': 5, 'model__min_samples_leaf': 2, 'model__max_features': 'sqrt', 'model__max_depth': 16, 'model__class_weight': 'balanced_subsample'}",0.18074753565654192,0.1812410497238523,0.19262424125168998,0.20746061874146438,0.18353811294980543,0.1891223116646708,0.01011920407471306,23,0.9655603678029672,0.9542140340779777,0.9623790036194078,0.9765990608877435,0.9748584673983506,0.9667221867572893,0.008251286587674865
1.6885400772094727,0.05031729903298313,0.24076313972473146,0.01110248603335681,400,2,10,sqrt,12,,"{'model__n_estimators': 400, 'model__min_samples_split': 2, 'model__min_samples_leaf': 10, 'model__max_features': 'sqrt', 'model__max_depth': 12, 'model__class_weight': None}",0.21367418977353161,0.18799900198466543,0.19513803593968845,0.2210241505633404,0.23607551791740658,0.2107821792357265,0.017417388256640853,3,0.472027465388661,0.46046724415328394,0.4497332211037273,0.4720424751904849,0.4810869754308637,0.46707147625340417,0.010862208331662262
6.2799159526824955,0.07688184906427861,0.41362833976745605,0.029763226340797515,800,5,20,0.5,16,balanced,"{'model__n_estimators': 800, 'model__min_samples_split': 5, 'model__min_samples_leaf': 20, 'model__max_features': 0.5, 'model__max_depth': 16, 'model__class_weight': 'balanced'}",0.16611704302705968,0.17271761993847928,0.1861942386247486,0.21368594761750168,0.21678243248299886,0.19109945633815764,0.020764579923780658,21,0.43651222773896686,0.42564968701974576,0.41794434148980847,0.45135378515760977,0.4234091105321726,0.4309738303876607,0.011843609852401486
2.7351803302764894,0.03830874623277153,0.3259128570556641,0.01556986034864008,800,10,20,sqrt,5,balanced,"{'model__n_estimators': 800, 'model__min_samples_split': 10, 'model__min_samples_leaf': 20, 'model__max_features': 'sqrt', 'model__max_depth': 5, 'model__class_weight': 'balanced'}",0.20622225840475406,0.1607740085604569,0.1884113645416826,0.23149570419754667,0.21135834554004973,0.19965233624889797,0.02379948916150843,17,0.2506319542943897,0.25790541878519974,0.25280806315093096,0.25253170936165203,0.2503138007465362,0.2528381892677417,0.002720722795949059
2.414527750015259,0.10839015878845082,0.22080154418945314,0.010021819292906355,400,20,5,log2,16,balanced_subsample,"{'model__n_estimators': 400, 'model__min_samples_split': 20, 'model__min_samples_leaf': 5, 'model__max_features': 'log2', 'model__max_depth': 16, 'model__class_weight': 'balanced_subsample'}",0.19938450742883276,0.18867302852159126,0.19404635176390753,0.2405644128150731,0.22200026861612868,0.20893371382910667,0.019465622176589162,5,0.7003854989261229,0.6974279927695588,0.6931895952834235,0.7324139528533139,0.7443084671593483,0.7135451013983535,0.020735000290082305
2.3807812690734864,0.11425980659234734,0.21930112838745117,0.011783888332027138,400,5,10,0.5,5,balanced_subsample,"{'model__n_estimators': 400, 'model__min_samples_split': 5, 'model__min_samples_leaf': 10, 'model__max_features': 0.5, 'model__max_depth': 5, 'model__class_weight': 'balanced_subsample'}",0.21105624273346169,0.1604487901630322,0.19367303851761428,0.24579842485618525,0.2088150564259426,0.2039583105392472,0.027652952724883814,14,0.26074482085158496,0.26141435627433396,0.2552206243728616,0.2566147067925937,0.24511261020452324,0.2558214236991795,0.005851319144785574
