mean_fit_time,std_fit_time,mean_score_time,std_score_time,param_model__subsample,param_model__scale_pos_weight,param_model__reg_lambda,param_model__reg_alpha,param_model__n_estimators,param_model__min_child_weight,param_model__max_depth,param_model__learning_rate,param_model__colsample_bytree,params,split0_test_score,split1_test_score,split2_test_score,split3_test_score,split4_test_score,mean_test_score,std_test_score,rank_test_score,split0_train_score,split1_train_score,split2_train_score,split3_train_score,split4_train_score,mean_train_score,std_train_score
0.7767525672912597,0.32573035952991314,0.055945634841918945,0.0037564623983470245,0.9,7.0,2.0,0.1,200,10,6,0.1,0.7,"{'model__subsample': 0.9, 'model__scale_pos_weight': 7.0, 'model__reg_lambda': 2.0, 'model__reg_alpha': 0.1, 'model__n_estimators': 200, 'model__min_child_weight': 10, 'model__max_depth': 6, 'model__learning_rate': 0.1, 'model__colsample_bytree': 0.7}",0.19031186819819174,0.17946239133088673,0.1884127644350012,0.1778749393818866,0.20525210012095568,0.18826281269338438,0.009779696614685555,22,0.9297127516661791,0.9282028066795848,0.9207895464297575,0.946079733299101,0.9164848264004111,0.9282539328950067,0.010140205709228634
0.5441341876983643,0.04559090190979403,0.0583132266998291,0.006155685403557238,1.0,4.0,10.0,0.01,300,10,5,0.02,0.8,"{'model__subsample': 1.0, 'model__scale_pos_weight': 4.0, 'model__reg_lambda': 10.0, 'model__reg_alpha': 0.01, 'model__n_estimators': 300, 'model__min_child_weight': 10, 'model__max_depth': 5, 'model__learning_rate': 0.02, 'model__colsample_bytree': 0.8}",0.2223266001498702,0.18549811160499874,0.2173131725457534,0.22347551365674145,0.20245072144558954,0.21021282388059065,0.014450776476329554,4,0.39210476429971425,0.42099759451823443,0.39047129332860975,0.4288787046544278,0.4104889293827811,0.40858825723675346,0.015292065808359897
0.6691621780395508,0.04941714226021797,0.05816130638122559,0.0076860647182055595,0.7,2.0,2.0,0.1,500,3,3,0.02,0.8,"{'model__subsample': 0.7, 'model__scale_pos_weight': 2.0, 'model__reg_lambda': 2.0, 'model__reg_alpha': 0.1, 'model__n_estimators': 500, 'model__min_child_weight': 3, 'model__max_depth': 3, 'model__learning_rate': 0.02, 'model__colsample_bytree': 0.8}",0.2214329447699136,0.18287927990623082,0.2117044711875748,0.22370834363943953,0.21375408356831602,0.21069582461429498,0.014620135949103288,3,0.3976343869528387,0.4085229007192142,0.39293902997651114,0.41840266962813183,0.4046537438005638,0.40443054621545194,0.008834705896613245
0.3331202507019043,0.048876727321552106,0.05148115158081055,0.0023807204315713956,0.9,2.0,10.0,0.1,100,5,6,0.1,0.9,"{'model__subsample': 0.9, 'model__scale_pos_weight': 2.0, 'model__reg_lambda': 10.0, 'model__reg_alpha': 0.1, 'model__n_estimators': 100, 'model__min_child_weight': 5, 'model__max_depth': 6, 'model__learning_rate': 0.1, 'model__colsample_bytree': 0.9}",0.20371762929055193,0.18441308245177948,0.1894252601435751,0.21721784183841403,0.22747988702628372,0.20445074015012085,0.01625515744838249,7,0.5995024206995127,0.6328311186180186,0.5838546143437751,0.638342814201714,0.6091556074970533,0.6127373150720147,0.02040394072814027
0.543030071258545,0.047065048837322945,0.05687904357910156,0.005767528441144365,0.9,1.0,10.0,1.0,300,1,4,0.02,0.9,"{'model__subsample': 0.9, 'model__scale_pos_weight': 1.0, 'model__reg_lambda': 10.0, 'model__reg_alpha': 1.0, 'model__n_estimators': 300, 'model__min_child_weight': 1, 'model__max_depth': 4, 'model__learning_rate': 0.02, 'model__colsample_bytree': 0.9}",0.2220863884944588,0.17094656782083598,0.19827809746078953,0.2236344830564966,0.19470865212871333,0.20193083779225884,0.019508059386903174,10,0.34185202685484345,0.3563155845261112,0.3500792056729965,0.37165117705705886,0.3612905984954384,0.3562377185212897,0.0100795611849563
0.29785523414611814,0.01367651958537902,0.049493598937988284,0.0017494912521432348,1.0,14.0,5.0,0.0,100,5,6,0.1,0.7,"{'model__subsample': 1.0, 'model__scale_pos_weight': 14.0, 'model__reg_lambda': 5.0, 'model__reg_alpha': 0.0, 'model__n_estimators': 100, 'model__min_child_weight': 5, 'model__max_depth': 6, 'model__learning_rate': 0.1, 'model__colsample_bytree': 0.7}",0.1931017125592619,0.1963998315094408,0.19610817974208136,0.21982673021602056,0.1834420264891038,0.1977756961031817,0.011985173560819249,16,0.7213249420584221,0.7701987293600847,0.7575928057228931,0.8177680089333538,0.7863115433081501,0.7706392058765807,0.031840368812536525
0.8454040050506592,0.08896929608316548,0.05920119285583496,0.005472774668111223,0.7,7.0,5.0,0.0,500,10,4,0.1,0.7,"{'model__subsample': 0.7, 'model__scale_pos_weight': 7.0, 'model__reg_lambda': 5.0, 'model__reg_alpha': 0.0, 'model__n_estimators': 500, 'model__min_child_weight': 10, 'model__max_depth': 4, 'model__learning_rate': 0.1, 'model__colsample_bytree': 0.7}",0.18129634993070656,0.18342695608241968,0.16481013821593604,0.16505523086084872,0.17259721999118627,0.17343717901621944,0.007835185158096935,28,0.883508465388536,0.8962958910401357,0.8927276459183064,0.903909437382207,0.8937902606397677,0.8940463400737906,0.006560373493938312
0.4665946960449219,0.13526063985400272,0.05537881851196289,0.005319797145992959,0.7,2.0,5.0,0.01,200,10,5,0.08,0.8,"{'model__subsample': 0.7, 'model__scale_pos_weight': 2.0, 'model__reg_lambda': 5.0, 'model__reg_alpha': 0.01, 'model__n_estimators': 200, 'model__min_child_weight': 10, 'model__max_depth': 5, 'model__learning_rate': 0.08, 'model__colsample_bytree': 0.8}",0.1942087504986934,0.19094862936173182,0.15341256730158723,0.19194171180498387,0.19531417405350068,0.1851651666040994,0.01595234359372322,24,0.5650943124062059,0.5857872246862783,0.5860445317497337,0.5986379879796118,0.5699124453368221,0.5810953004317303,0.012127182658134639
0.7118967533111572,0.13581406600752016,0.05616836547851563,0.0010822297802347803,0.9,14.0,5.0,1.0,300,10,5,0.05,0.7,"{'model__subsample': 0.9, 'model__scale_pos_weight': 14.0, 'model__reg_lambda': 5.0, 'model__reg_alpha': 1.0, 'model__n_estimators': 300, 'model__min_child_weight': 10, 'model__max_depth': 5, 'model__learning_rate': 0.05, 'model__colsample_bytree': 0.7}",0.1925368716885316,0.18028198041064675,0.17891806598266502,0.19626651256150154,0.19605276380830955,0.18881123889033086,0.007648846302430489,21,0.7507347896494082,0.7477227136413707,0.755518314284651,0.8011705259763102,0.7600956686311341,0.7630484024365749,0.019520343053338503
0.49332404136657715,0.05529990499977996,0.0572606086730957,0.006999561187792634,0.8,4.0,5.0,0.1,200,3,4,0.02,0.8,"{'model__subsample': 0.8, 'model__scale_pos_weight': 4.0, 'model__reg_lambda': 5.0, 'model__reg_alpha': 0.1, 'model__n_estimators': 200, 'model__min_child_weight': 3, 'model__max_depth': 4, 'model__learning_rate': 0.02, 'model__colsample_bytree': 0.8}",0.2091168123616063,0.17536530883154766,0.21987487666115685,0.22690925390980596,0.21610912076761218,0.20947507450634578,0.01799845289063402,5,0.35598052776118855,0.354800393085706,0.35957209861487527,0.38723784441725506,0.3559085354926868,0.3626998798743423,0.012373913385594262
0.6633045673370361,0.078797146073966,0.059951496124267575,0.0030365783894293,0.9,10.0,1.0,0.1,300,3,4,0.1,1.0,"{'model__subsample': 0.9, 'model__scale_pos_weight': 10.0, 'model__reg_lambda': 1.0, 'model__reg_alpha': 0.1, 'model__n_estimators': 300, 'model__min_child_weight': 3, 'model__max_depth': 4, 'model__learning_rate': 0.1, 'model__colsample_bytree': 1.0}",0.17580994468553401,0.17469727762355866,0.1714207669175194,0.1773434122049028,0.16766142529409214,0.1733865653451214,0.003460894775574911,29,0.9215304882061248,0.9151970104929236,0.9205968087207094,0.9519433556244332,0.933966835310478,0.9286468996709338,0.013170978479568916
0.26627283096313475,0.024790395534014967,0.05360255241394043,0.006749882918347576,0.9,10.0,2.0,1.0,100,1,2,0.08,1.0,"{'model__subsample': 0.9, 'model__scale_pos_weight': 10.0, 'model__reg_lambda': 2.0, 'model__reg_alpha': 1.0, 'model__n_estimators': 100, 'model__min_child_weight': 1, 'model__max_depth': 2, 'model__learning_rate': 0.08, 'model__colsample_bytree': 1.0}",0.20810386555866658,0.17762516203684842,0.2172432167753912,0.2350038780491949,0.20223574118110366,0.20804237272024095,0.018817575603083288,6,0.2682287413545415,0.2658622307421068,0.2586902261259676,0.2715730947684453,0.2612133225894534,0.2651135231161029,0.004657499803234371
1.1959120750427246,0.1406905037674735,0.06541104316711426,0.0028721882606007956,0.9,10.0,2.0,1.0,500,1,6,0.08,0.7,"{'model__subsample': 0.9, 'model__scale_pos_weight': 10.0, 'model__reg_lambda': 2.0, 'model__reg_alpha': 1.0, 'model__n_estimators': 500, 'model__min_child_weight': 1, 'model__max_depth': 6, 'model__learning_rate': 0.08, 'model__colsample_bytree': 0.7}",0.1988215360568457,0.19350129878020356,0.18143509488336096,0.17056367359475294,0.1637876621986813,0.1816218531027689,0.013246334596342809,25,0.999971943825303,1.0,1.0,1.0,1.0,0.9999943887650605,1.1222469878813256e-05
0.2836275577545166,0.12139400660500467,0.05482096672058105,0.010563629489791795,1.0,7.0,10.0,0.0,100,1,3,0.02,1.0,"{'model__subsample': 1.0, 'model__scale_pos_weight': 7.0, 'model__reg_lambda': 10.0, 'model__reg_alpha': 0.0, 'model__n_estimators': 100, 'model__min_child_weight': 1, 'model__max_depth': 3, 'model__learning_rate': 0.02, 'model__colsample_bytree': 1.0}",0.17490126657294275,0.14549592655980598,0.16742007722413274,0.21063630564391933,0.20473859344355372,0.1806384338888709,0.024179850551622795,26,0.21216037261142112,0.21654314056095975,0.2148400472805568,0.23578353993584394,0.2159874987194999,0.21906291982165632,0.008495462906388319
1.0186586380004883,0.11231890683149602,0.06282243728637696,0.005222116670379831,0.7,2.0,5.0,0.1,500,1,5,0.02,1.0,"{'model__subsample': 0.7, 'model__scale_pos_weight': 2.0, 'model__reg_lambda': 5.0, 'model__reg_alpha': 0.1, 'model__n_estimators': 500, 'model__min_child_weight': 1, 'model__max_depth': 5, 'model__learning_rate': 0.02, 'model__colsample_bytree': 1.0}",0.21390015753130123,0.18037121350892132,0.21047446259584285,0.20588814498224312,0.206457336850306,0.2034182630937229,0.011884130955351749,8,0.7120330246757959,0.7190752256443628,0.730710895849534,0.7555463402489047,0.7210264799012849,0.7276783932639764,0.015158222480371067
0.28496155738830564,0.03670190714292898,0.049822521209716794,0.0015829047218414234,1.0,1.0,1.0,0.01,100,5,5,0.05,0.8,"{'model__subsample': 1.0, 'model__scale_pos_weight': 1.0, 'model__reg_lambda': 1.0, 'model__reg_alpha': 0.01, 'model__n_estimators': 100, 'model__min_child_weight': 5, 'model__max_depth': 5, 'model__learning_rate': 0.05, 'model__colsample_bytree': 0.8}",0.18630659833441432,0.18525743086568225,0.19486965693107244,0.21305140074749626,0.2149475654071261,0.19888653045715826,0.012796426960819757,12,0.3830637050985026,0.389016097151538,0.3750034572037821,0.3913499826594284,0.3970699283522078,0.38710063409309176,0.007533276503486985
0.4344046115875244,0.05549457898043704,0.07244277000427246,0.029482718278432154,1.0,2.0,1.0,0.01,300,1,3,0.08,0.8,"{'model__subsample': 1.0, 'model__scale_pos_weight': 2.0, 'model__reg_lambda': 1.0, 'model__reg_alpha': 0.01, 'model__n_estimators': 300, 'model__min_child_weight': 1, 'model__max_depth': 3, 'model__learning_rate': 0.08, 'model__colsample_bytree': 0.8}",0.21253387985964384,0.18856033178611337,0.21621209586319282,0.2149425855578925,0.18481480359196703,0.2034127393317619,0.013758148929487924,9,0.5661730254356583,0.5937341048809557,0.5640192974240582,0.5846952653027591,0.5992745041104595,0.5815792394307782,0.0142567580913302
0.23653674125671387,0.06127796355182507,0.048459100723266604,0.0024481485416840386,1.0,2.0,5.0,0.01,100,3,2,0.05,0.9,"{'model__subsample': 1.0, 'model__scale_pos_weight': 2.0, 'model__reg_lambda': 5.0, 'model__reg_alpha': 0.01, 'model__n_estimators': 100, 'model__min_child_weight': 3, 'model__max_depth': 2, 'model__learning_rate': 0.05, 'model__colsample_bytree': 0.9}",0.19340798883878874,0.151304576918404,0.20669010670503843,0.22068981309193783,0.2112183319391723,0.19666216349866825,0.024321471759326696,19,0.22568441522750943,0.23002376111736433,0.22961194649694466,0.2503186481218747,0.2293898928409903,0.23300573276093667,0.008795714492134015
0.6539670944213867,0.03189060058007255,0.057613182067871097,0.006841726181473069,0.9,1.0,1.0,0.0,500,5,3,0.05,0.7,"{'model__subsample': 0.9, 'model__scale_pos_weight': 1.0, 'model__reg_lambda': 1.0, 'model__reg_alpha': 0.0, 'model__n_estimators': 500, 'model__min_child_weight': 5, 'model__max_depth': 3, 'model__learning_rate': 0.05, 'model__colsample_bytree': 0.7}",0.1997042172862104,0.19213572550559627,0.18598932405842136,0.21259056209879437,0.19617351202384564,0.1973186681945736,0.008893254792463013,18,0.5166301652181051,0.5300366906237048,0.5249713261494686,0.5447396943411961,0.5095992556065333,0.5251954263878016,0.012017243544975995
0.48149452209472654,0.017588437922271462,0.052477264404296876,0.00343748267915562,0.8,7.0,10.0,0.1,200,5,5,0.08,0.9,"{'model__subsample': 0.8, 'model__scale_pos_weight': 7.0, 'model__reg_lambda': 10.0, 'model__reg_alpha': 0.1, 'model__n_estimators': 200, 'model__min_child_weight': 5, 'model__max_depth': 5, 'model__learning_rate': 0.08, 'model__colsample_bytree': 0.9}",0.20389012972800283,0.19066236527630276,0.1761409112284178,0.19407128916418775,0.21495685400260808,0.19594430987990386,0.013024550899151272,20,0.7669045423768803,0.8016858604853851,0.807394275955487,0.8236167733535711,0.7805937434477307,0.7960390391238109,0.020043629808289318
0.2511148452758789,0.02578833693339364,0.046341753005981444,0.0012023402149095004,0.7,14.0,1.0,1.0,100,5,2,0.08,0.7,"{'model__subsample': 0.7, 'model__scale_pos_weight': 14.0, 'model__reg_lambda': 1.0, 'model__reg_alpha': 1.0, 'model__n_estimators': 100, 'model__min_child_weight': 5, 'model__max_depth': 2, 'model__learning_rate': 0.08, 'model__colsample_bytree': 0.7}",0.22268081952478472,0.16043696454323705,0.1995495892015253,0.2190638629611813,0.18998356270340708,0.1983429597868271,0.022493942271354917,13,0.26617699607536804,0.2630329641507673,0.25888354184311246,0.27130872508079407,0.2541887615304865,0.26271819773610566,0.00588753584635741
0.2958808422088623,0.07302974218620123,0.051108264923095705,0.004240247468162877,0.8,10.0,5.0,0.1,100,10,4,0.02,0.9,"{'model__subsample': 0.8, 'model__scale_pos_weight': 10.0, 'model__reg_lambda': 5.0, 'model__reg_alpha': 0.1, 'model__n_estimators': 100, 'model__min_child_weight': 10, 'model__max_depth': 4, 'model__learning_rate': 0.02, 'model__colsample_bytree': 0.9}",0.2029577987580663,0.16854259326482485,0.19537524508511445,0.2206972758464093,0.20392500197861538,0.19829958298660605,0.01702369611991188,14,0.2733787876145103,0.27481521809087067,0.2748592615164196,0.3008253772428361,0.27047698818243116,0.2788711265294136,0.01109199642874612
0.46908035278320315,0.06593920994621108,0.051866769790649414,0.0014803847662632882,1.0,7.0,10.0,0.0,300,3,4,0.08,0.9,"{'model__subsample': 1.0, 'model__scale_pos_weight': 7.0, 'model__reg_lambda': 10.0, 'model__reg_alpha': 0.0, 'model__n_estimators': 300, 'model__min_child_weight': 3, 'model__max_depth': 4, 'model__learning_rate': 0.08, 'model__colsample_bytree': 0.9}",0.20960342913253183,0.19046745158193604,0.21219478766374195,0.20368033969437466,0.1735022269633932,0.19788964700719552,0.014319337303132217,15,0.625830087519341,0.6348011107891761,0.6511490590709769,0.7025220877080738,0.6567273629017888,0.6542059415978713,0.026577767492841253
0.32734293937683107,0.028181721258926377,0.0511225700378418,0.0017109330317444725,1.0,4.0,1.0,0.01,200,5,3,0.08,0.8,"{'model__subsample': 1.0, 'model__scale_pos_weight': 4.0, 'model__reg_lambda': 1.0, 'model__reg_alpha': 0.01, 'model__n_estimators': 200, 'model__min_child_weight': 5, 'model__max_depth': 3, 'model__learning_rate': 0.08, 'model__colsample_bytree': 0.8}",0.22935496878890224,0.20436889240052175,0.2115538018356763,0.21675048927061014,0.1977573245634488,0.21195709537183186,0.010817019788518104,2,0.4749109557035325,0.5042314078482935,0.4660256989087035,0.5019190765968536,0.5034860956921414,0.4901146469499049,0.016302470881832704
1.010928201675415,0.05011738735320165,0.06389298439025878,0.01010701051359549,0.8,14.0,10.0,0.1,500,1,5,0.08,0.9,"{'model__subsample': 0.8, 'model__scale_pos_weight': 14.0, 'model__reg_lambda': 10.0, 'model__reg_alpha': 0.1, 'model__n_estimators': 500, 'model__min_child_weight': 1, 'model__max_depth': 5, 'model__learning_rate': 0.08, 'model__colsample_bytree': 0.9}",0.1879628675354737,0.17260343264656566,0.16385013244064844,0.15307618506959095,0.17684717596667557,0.1708679587317909,0.011805049016049358,30,0.982469655835423,0.9986752584504248,0.9914990181198876,0.9975205206684585,0.9861751185494559,0.9912679143247299,0.006282724939125506
0.5101524353027344,0.1303038235267666,0.05070738792419434,0.0017214961251960862,0.8,7.0,2.0,0.0,300,1,3,0.02,0.9,"{'model__subsample': 0.8, 'model__scale_pos_weight': 7.0, 'model__reg_lambda': 2.0, 'model__reg_alpha': 0.0, 'model__n_estimators': 300, 'model__min_child_weight': 1, 'model__max_depth': 3, 'model__learning_rate': 0.02, 'model__colsample_bytree': 0.9}",0.20309235878826737,0.16911861891322227,0.21271436947688674,0.22859586619305633,0.19518235140788004,0.20174071295586254,0.019751761770595327,11,0.3468530099364756,0.3351233664283064,0.33889905908958645,0.3621435688627279,0.34634589859159337,0.345872980581738,0.009274760777680783
0.5534046649932861,0.09543031064403026,0.054366540908813474,0.004013856278343977,0.8,4.0,2.0,0.01,300,3,4,0.08,0.8,"{'model__subsample': 0.8, 'model__scale_pos_weight': 4.0, 'model__reg_lambda': 2.0, 'model__reg_alpha': 0.01, 'model__n_estimators': 300, 'model__min_child_weight': 3, 'model__max_depth': 4, 'model__learning_rate': 0.08, 'model__colsample_bytree': 0.8}",0.19472469177218069,0.2024503663420856,0.1788371979814113,0.20365175462254875,0.20901250402960564,0.19773530294956637,0.010493937663648065,17,0.8327222086821372,0.8681876504538701,0.8649993962926832,0.8572782341336185,0.860224785998853,0.8566824551122325,0.012558164676351721
0.3577118873596191,0.08597700210822014,0.049962425231933595,0.0029465644256247464,1.0,14.0,10.0,0.01,100,5,5,0.02,0.9,"{'model__subsample': 1.0, 'model__scale_pos_weight': 14.0, 'model__reg_lambda': 10.0, 'model__reg_alpha': 0.01, 'model__n_estimators': 100, 'model__min_child_weight': 5, 'model__max_depth': 5, 'model__learning_rate': 0.02, 'model__colsample_bytree': 0.9}",0.1992187235296785,0.15383662232919837,0.1969989884672219,0.20565705865337888,0.18511965949603268,0.1881662104951021,0.01840602008588836,23,0.283159794679652,0.29784654483420264,0.27745684412198834,0.3467740279035919,0.30068210017132374,0.3011838623421518,0.02440365160408088
0.3190285682678223,0.018968230702259496,0.05895671844482422,0.009685984125913845,1.0,4.0,5.0,0.0,200,10,3,0.1,0.7,"{'model__subsample': 1.0, 'model__scale_pos_weight': 4.0, 'model__reg_lambda': 5.0, 'model__reg_alpha': 0.0, 'model__n_estimators': 200, 'model__min_child_weight': 10, 'model__max_depth': 3, 'model__learning_rate': 0.1, 'model__colsample_bytree': 0.7}",0.2384243770078892,0.1785386134961338,0.22072281632547672,0.21695395408701243,0.21855711519531482,0.21463937522236537,0.019630107104256254,1,0.4350759014065756,0.45636155557405067,0.4413848444074104,0.4683685968552404,0.4656089507528619,0.45335996979922777,0.013130245411335749
0.6549390316009521,0.0435100018916124,0.05543904304504395,0.0025658952653622963,0.7,14.0,1.0,0.0,300,3,5,0.1,0.8,"{'model__subsample': 0.7, 'model__scale_pos_weight': 14.0, 'model__reg_lambda': 1.0, 'model__reg_alpha': 0.0, 'model__n_estimators': 300, 'model__min_child_weight': 3, 'model__max_depth': 5, 'model__learning_rate': 0.1, 'model__colsample_bytree': 0.8}",0.1715432893656757,0.18240644142950777,0.18852233035692736,0.1543984505995038,0.18318946890857482,0.17601199613203786,0.012132833133191603,27,0.9876875284022933,0.9985479809760902,0.9859298473740935,0.9941152672199418,0.972168282372417,0.9876897812689671,0.008979996335982324
